{"cameraMode":{"drawMode":0,"name":"Shaded","section":"Shading Mode"},"sceneLighting":true,"audioPlay":false,"sceneViewState":{"m_AlwaysRefresh":false,"showFog":true,"showSkybox":true,"showFlares":true,"showImageEffects":true,"showParticleSystems":true,"showVisualEffectGraphs":true,"m_FxEnabled":true},"in2DMode":false,"pivot":{"x":-3.0641467571258547,"y":0.6340285539627075,"z":-17.330930709838868},"rotation":{"x":0.016539577394723893,"y":-0.9826732873916626,"z":0.1488530933856964,"w":0.11078154295682907},"size":9.90746784210205,"orthographic":false}